定式ID,匹配步数,落子前缀
kj_37393,16,pd qc pc qd qe re rf qf pe rg rd sf rc pf ng nf
kj_90348,13,pd qc pc qd qe re rf qf pe rg rd sf rc
kj_46666,13,pd qc pc qd pe rf tt ld qf rg lc kc mc
kj_69353,7,pd nc qf ne oc nb ng
kj_10373,16,pd qc pc qd qe re rf qf pe rg rd sf rc pf tt kd
kj_88231,16,pd qc pc qd qe re rf qf pe rg rd sf rc tt og pi
kj_13615,15,pd nc qf pc qc qb rb ob qa od pb pe qd tt lc
kj_17203,8,pc qe qd pe nc tt ph mf
kj_48996,13,pd qc pc qd pe qe qf rf pg rg tt of pf
kj_95432,6,pc qe qd pe nc me
kj_81164,6,pd nc jc pg oe pb
kj_61539,23,pd qc pc qd qf qe pe rf qb rb re pb rc qa rd qb rg pf qg nc nf ld nd
kj_29739,15,pc tt pf tt lc qd pd re qe qf pe rg rd qh tt
kj_23950,15,pc pe qe qf qd pf nc pj ql pl pk qk ok rl qm
kj_39182,9,pd tt nc qf qe pf nf pi tt
kj_26683,20,pd qc pc qd qf rf rg qe pf pe oe of ne pb ob qb mf qh re og
kj_94037,11,pd nc lc jc tt ne pg tt jd id kd
kj_82722,10,pc qe nd pi tt lc tt qc qb rc
kj_94432,7,pc tt pf tt kc tt pi
kj_81155,6,pd qc pc qd pe rf
kj_06845,21,pd qc pc qd qf qe pe rf tt pf qg rg of pg qh ph qi pi qj pj qm
kj_36916,12,pd qc pc qd pe rf qg qf pf pb ob qb
kj_93287,9,pd qc pc qd pe qe qf rf lc
kj_63405,6,pc tt pe pf qe pj
kj_60061,11,pd nc qf pc qc qb rb pb qd kd tt
kj_38787,9,pc qe od qh tt ql pf qf pg
kj_60107,9,pc tt pe oc od nc pb nd ph
kj_70299,6,pc tt pf qh ph pi
kj_77700,18,pd nc tt qf pf pg of qd qc qe nd pe od rc pb qb pc rb
kj_52795,9,pd nc lc tt qc ne pg og oh
kj_99123,11,pd qc pc qd pe rf tt nc qf rg lc
kj_56655,9,pc qe qi od oc nd mb tt qg
kj_27813,6,pc qe tt md od pg
kj_53327,14,pd nc tt qf pf pg of qe qd kc oc nd pe tt
kj_38640,7,pc qe ph tt qd pe nd
kj_61012,13,pd nc jc qf pf pg of qc qe pc qg qj mc
kj_80679,11,pd qc pc qd pe rf tt md qf rg ph
kj_02258,10,pd qc pc qd pe rf qf rg kc qb
kj_63905,22,pd qc pc qd qf qe pe rf qb rb re pb rc qa rd qb rg pf qg nc nf ld
kj_82714,16,pd qc pc qd pe rf tt qg pg ph qf rh oh pi tt ld
kj_50464,8,pd nc qf pc qc qb qd ob
kj_51878,11,pd qc pc qd pe rf tt qg tt og nf
kj_82018,7,pc qe tt od oc nd mc
kj_90551,6,pd tt mc qf re tt
kj_66242,14,pc tt qf pd qd oc pe od pb qc ob mc rc jc
kj_25273,9,pc qe nd tt qi tt qd me ne
kj_31633,7,pd tt nc md nd mf kd
kj_05474,6,pc tt pf qh qj pl
kj_85096,13,pc qe tt od oc nd mc tt md tt mf tt pg
kj_47244,8,pc qe qd pe nc tt qh me
kj_30861,8,pd nc qf ne pb pg pf ng
kj_94654,13,pd nc qf pc qc qb oc pb od ob tt nd tt
kj_43406,12,pd qc pc qd qf rf qg rg qh qe pe mc
kj_35243,10,pc qe od qh pf qf tt lc ld md
kj_02084,10,pd qc pc qd pe qe pf rg tt nc
kj_96483,12,pd qc pc qd qf qe pe rf tt qg pf qb
kj_89946,7,pc tt pf qh tt lc tt
kj_32595,7,pd nc tt jc qf tt jd
kj_39175,22,pd nc tt qf pf pg of qd qc qe nd pe od rc pb qb pc jd rb sb qa tt
kj_57930,12,pd qc pc qd pe qe qg qf pf rg qh rh
kj_44956,8,pd nc kd pf of oe pe ne
kj_79256,7,pc tt pf qh qj tt ph
kj_35296,15,pc qe nd pi qg pg ph qh oh rg qi qf rh qg tt
kj_34759,12,pc tt pf qh qj pd qd qe pe od qc re
kj_53439,7,pd tt nc md tt qg qe
kj_38514,10,pc qe od tt qh pf rd ne md pi
kj_89830,9,pc pe qe qf qd pf qj mc nb
kj_77114,8,pd tt nc re rd qe qd qh
kj_35272,15,pc tt qf pd od qc qd pe qe oc pb nd oe pf qg
kj_56876,8,pd qc pc qd pe qe qf rf
kj_25357,7,pd tt nc md jd nd oc
kj_76279,15,pd nc tt qc pc qd pe pb ob qb nb qf mc tt kd
kj_52563,9,pd qc pc qd pe rf tt kd qb
kj_34191,7,pd nc qf tt oc nd og
kj_23916,7,pc tt pe tt kd tt ke
kj_99455,16,pc qe qh od pd pe oe nd of rc nb mc rb rd pg mb
kj_62777,8,pd qc pc qd pe rf tt rj
kj_20614,12,pc qe qg od pd pe oe of ne pg md pi
kj_78310,6,pd tt nc re rd nb
kj_40199,6,pd nc oc nd qf kd
kj_30662,6,pc qe nd pi og qh
kj_67684,25,pc tt qf pd od qc qd pe qe oc pb nd oe pf nc qg rg of ob rh qh pg rf qi tt
kj_15616,9,pd qc pc qd pe rf tt nb ob
kj_55733,6,pd tt nc md tt qf
kj_03217,10,pd tt nc re qf qe pe rf qg qc
kj_69904,9,pd nc pf tt oc tt nd rf tt
kj_67567,7,pc qe od tt qh tt kd
kj_20614,12,pc qe qg od pd pe oe of ne pg md pi
kj_67685,24,pc tt qf pd od qc qd pe qe oc pb nd oe pf nc qg rg of ob rh qh pg rf qi
kj_27269,20,pd qc pc qd qf qe pe rf rg qg pf rh qb sg rc rd sd re tt ld
kj_25972,10,pd qc pc qd pe rf tt ld oh tt
kj_14753,7,pc tt qf qh qj pj pk
kj_82277,15,pc qe ph od pd pe oe oc ob nb pb of ne md rd
kj_73733,10,pd qc pc qd pe rf tt qg le tt
kj_43569,9,pd tt nc re qd qh tt qf tt
kj_69415,15,pd qc pc qd pe qe qg tt qf pb ob qb tt nc oc
kj_89401,14,pd qc pc qd qf qe pe rf qg rg qh mc tt of
kj_98971,7,pd nc tt qf tt oe qh
kj_22646,20,pc qe od tt qh tt pf qc qb rb qd rc ob pe re oe pd qf rf ne
kj_05974,16,pc qe tt od oc nd mc tt qi tt qg tt of md lc ld
kj_56084,9,pc qe tt od oc nd mb tt pg
kj_86702,13,pd qc pc qd pe qf qb pf qj nf qe re rb
kj_11519,13,pd qc pc qd qf qe pe rf qg rg qh ke kf
kj_58566,12,pd qc pc qd pe rf qg qf pf qh pg rg
kj_20145,10,pd tt nc re rd qe qd qi tt mc
kj_13462,16,pd nc qf pc qc qb oc pb od ob rc nd mb nb tt kd
kj_75313,15,pd qc pc qd pe rf tt qg pg ph qf rh oh pi qb
kj_90348,13,pd qc pc qd qe re rf qf pe rg rd sf rc
kj_61540,6,pd nc qf tt kc id
kj_67437,25,pd qc pc qd qf rf rg qe pf pe oe od ob nd ne me mf mc qb re le md kc qg nf
kj_97417,11,pd qc pc qd pe rf tt ld tt lf qf
kj_44568,17,pd qc pc qd pe rf tt qg tt kc pg ph qf rh oh pi tt
kj_29036,10,pd tt mc qf tt qc qd pc od nb
kj_74865,6,pc qe nd pi tt qh
kj_17639,9,pd tt nc re qf rf qd qe qh
kj_49788,7,pc qe nd tt qh tt pj
kj_61470,16,pc tt pe pf of qe oe qd pg pd od qc qf oc nc pb
kj_90348,13,pd qc pc qd qe re rf qf pe rg rd sf rc
kj_53826,11,pc qe tt od oc nd mc tt qg pg ph
kj_10676,15,pd qc pc qd qe re rf pb ob oc pe nb qb oa rc
kj_74374,14,pc pe qe qf qd pf nc pj tt qm rh pd qc qh
kj_12103,10,pd qc pc qd pe qe pf rg tt me
kj_71760,9,pd qc pc qd qf rf qg rg qh
kj_71368,7,pc qe od qh pf qf kd
kj_12643,11,pc tt pf qh tt pd qc nd tt qd od
kj_55761,10,pd nc tt qc qd pc od rc tt ph
kj_96592,7,pd nc pf qh oc nd jd
kj_59050,14,pd qc pc qd qe re rf qf pe rg rd sf rc pf
kj_74614,9,pc qe tt od oc nd mb tt qi
kj_43199,7,pc tt pf nc tt lc tt
kj_35725,23,pc qe tt nd pe pd od qd oc oe pf qc nc md of ne mc ld lc kd kc rg jd
kj_20614,12,pc qe qg od pd pe oe of ne pg md pi
kj_56142,6,pd nc oc nd pf kd
kj_25184,11,pd tt nc qf tt of rd md nd me lb
kj_56040,8,pc tt qe pf qf oc pd kc
kj_68867,7,pc qe qd pe nc pi tt
kj_67611,7,pc qe od qh tt lc le
kj_69655,23,pd qc pc qd qf qe pe rf qb rb re pb rc qa rd qb rg pf qg mc nc nb md
kj_69820,6,pc qe od ph tt nc
kj_50582,17,pd nc tt qc pc qd pe pb ob qb nb mc kc qf mb tt og
kj_50585,16,pd nc tt qc pc qd pe pb ob qb nb mc kc qf mb tt
kj_66574,15,pd qc pc qd qf qe pe rf tt ld qg rg qh id gc
kj_57408,6,pc tt pf qh mc tt
kj_33811,10,pc qe od qh qj tt qd pe nf oh
kj_98368,10,pd qc pc qd qf rf qg rg qh tt
kj_55523,6,pc tt pf lc tt qh
kj_80099,6,pc tt pe tt lc tt
kj_69051,6,pc qe pg oe nd pj
kj_58099,10,pd qc pc qd pe rf tt qg pi oh
kj_81330,7,pd tt nc qf re rf qe
kj_68867,7,pc qe qd pe nc pi tt
kj_06832,6,pc tt qi tt pe pi
kj_46285,13,pd qc pc qd pe rf qf qg pg rg tt ph oh
kj_91174,8,pd nc kc pf of oe pe ne
kj_72655,16,pd qc pc qd pe qf pf qg qe re rf rd qh rg pg rh
kj_86187,12,pd qc pc qd qf qe pf pe oe of ne qb
kj_70194,6,pc tt pf tt mc md
kj_69051,6,pc qe pg oe nd pj
kj_95628,15,pd qc pc qd qf qe pe rf tt qg pf qb tt mc tt
kj_85090,11,pc pe qe qf qd pf nc pj tt qm rm
kj_07738,10,pc tt pf mc tt qh tt qe pe qd
kj_73913,7,pc tt qf pe qe pd qd
kj_25784,16,pd qc pc qd qf qe pe rf tt qg pf qb tt mc me ob
kj_51027,11,pd nc pf pc qc qb tt qd rc od pe
kj_23097,6,pc qe nd tt qg ri
kj_67157,10,pc qe qg od pd pe oe of ne pg
kj_53854,10,pd nc qf tt lc tt le pc qc qb
kj_77679,8,pc tt qe pf tt qf pe of
kj_62537,17,pd qc pc qd qe re rf qf pe rg rd sf rc pf tt qb rb
kj_25746,7,pd nc qf tt pb ne tt
kj_21076,6,pc tt pf qh lc nd
kj_87341,10,pc qe tt od oc nd mc nc tt nb
kj_78627,7,pc qe qd pe nd tt ph
kj_57643,6,pc pe qe qf qd pf
kj_35277,15,pd nc tt qf nd md ne pc qc oc qd pg oh ph oi
kj_82088,12,pc tt pf mc tt qh tt qd pd qe qc qf
kj_32142,11,pc pe qe qf qd pf nc pj tt qm jc
kj_55242,6,pc qe od qh tt of
kj_92026,11,pd qc pc qd pe rf tt qg tt qk tt
kj_89838,8,pd qc pc qd pe qf og rg
kj_00947,21,pd qc pc qd qf qe pe rf qb rb re rd rg tt sf pb tt pf pg of ob
kj_20614,12,pc qe qg od pd pe oe of ne pg md pi
kj_55991,9,pc pe qe qf qd pf nc tt ph
kj_30658,8,pd nc nd qc qd pc od oc
kj_55984,14,pd qc pc qd pe rf tt lc qb rb re qe qf pb
kj_81155,6,pd qc pc qd pe rf
kj_53944,6,pc qe od tt qh pg
kj_00947,21,pd qc pc qd qf qe pe rf qb rb re rd rg tt sf pb tt pf pg of ob
kj_20614,12,pc qe qg od pd pe oe of ne pg md pi
kj_55991,9,pc pe qe qf qd pf nc tt ph
kj_30658,8,pd nc nd qc qd pc od oc
kj_55984,14,pd qc pc qd pe rf tt lc qb rb re qe qf pb
kj_81155,6,pd qc pc qd pe rf
kj_53944,6,pc qe od tt qh pg
kj_43454,25,pc tt qf pd od qc qd pe qe oc pb nd oe pf nc qg rg rh ob of qh pg rf qi tt
kj_57675,9,pd nc tt qf pf pg of qe qd
kj_16691,9,pc pe qe qf qd pf nd pj oi
kj_94822,8,pd qc pc qd pe qe pf qf
kj_98715,19,pd qc pc qd qf qe pe rf qb rb re pf qg rd rg of oh tt ld
kj_79794,17,pc tt pe pf qf qg pg of qh rg qe ph og qi oh rh nf
kj_47754,14,pd qc pc qd qf qe pf pe oe of ne pb ob qb
kj_61698,16,pd qc pc qd pe rf tt qg tt ld pg ph qf rh oh pi
kj_75318,11,pd tt nc qf qe pf tt me rf rg re
kj_78435,9,pd tt nc md nd mf tt qg qe
kj_77595,6,pc qe od qh qj lc
kj_53276,22,pd qc pc qd qf qe pe rf qg rg qh tt qb rb rc pb re qa rd qb rh nc
kj_38439,13,pd nc qf tt kc pc qc qb rc od pb ob oc
kj_63959,7,pd tt nc od oc qd qe
kj_17679,25,pd qc pc qd qf qe pe rf tt pf qg rg qh of oh ne qb rb rc pb re qa rd qb rh
kj_57837,7,pc qe od qh kd ke kc
kj_74715,6,pd tt nc tt qf tt
kj_72923,9,pc pe qe qf qd pf nd pj kd
kj_13355,8,pc tt pf qh tt og tt of
kj_50863,8,pd nc oc nd pf jd tt gd
kj_66157,7,pc qe nd tt qi tt jd
kj_51097,10,pd tt nc qf qi qk oi qd qc rc
kj_01567,7,pc qe nd tt qi tt kc
kj_28550,17,pd qc pc qd qf qe pe rf tt qg pf qb tt lc le ic gc
kj_90745,17,pd qc pc qd pe rf tt ld tt qg pg ph qf rh oh pi qb
kj_22238,9,pd tt nc tt qg re qe rf rd
kj_35103,22,pd qc pc qd qf qe pe rf tt qg pf qb tt mc ld md le nf pg qh ph lc
kj_23888,11,pc pe qe qf qd pf nc pj tt qm oj
kj_21516,10,pc tt pf mc tt pd qc nd qd og
kj_37435,19,pd qc pc qd pe qe qf rf tt ld qb rb rg pf qg pb ob qa of
kj_94646,11,pc tt qf pd qd oc pe od pb qc qb
kj_74700,8,pc pe qe qf qd pf nc oi
kj_29772,6,pc qe nd pi oi tt
kj_23692,11,pd nc oc nd pf jd tt qh qk re qc
kj_63181,9,pc tt pe qg pg ph og qf qe
kj_73487,8,pd tt nc tt qi md nd mf
kj_54762,15,pd qc pc qd qf qe pe rf qb rb re rd rg se qg
kj_70652,12,pc pe qe qf qd pf nc tt pi mf ne nf
kj_11589,6,pc qe od pi kd tt
kj_56249,28,pd nc qf pc qc qb oc pb ob od nb qd pe rd mc nd ld nf of md lc le ke lf kf lg oh kg
kj_90367,11,pc qe qg od pd pe oe of ne pg md
kj_53276,22,pd qc pc qd qf qe pe rf qg rg qh tt qb rb rc pb re qa rd qb rh nc
kj_38439,13,pd nc qf tt kc pc qc qb rc od pb ob oc
kj_63959,7,pd tt nc od oc qd qe
kj_56249,28,pd nc qf pc qc qb oc pb ob od nb qd pe rd mc nd ld nf of md lc le ke lf kf lg oh kg
kj_90367,11,pc qe qg od pd pe oe of ne pg md
kj_54762,15,pd qc pc qd qf qe pe rf qb rb re rd rg se qg
kj_70652,12,pc pe qe qf qd pf nc tt pi mf ne nf
kj_11589,6,pc qe od pi kd tt
kj_56249,28,pd nc qf pc qc qb oc pb ob od nb qd pe rd mc nd ld nf of md lc le ke lf kf lg oh kg
kj_90367,11,pc qe qg od pd pe oe of ne pg md
kj_35586,17,pd nc qf pc qc qb oc pb od ob nd mc md tt lc lb kb
kj_02555,7,pc tt qe kd tt oc pd
kj_67521,7,pc qe nd tt qi tt qd
kj_52773,6,pc tt qf kc mc ke
kj_39861,9,pc qe qi od oc nd mb oh qg
kj_93944,6,pc tt pf nc tt qh
kj_89723,6,pd nc qf tt pi og
kj_57643,6,pc pe qe qf qd pf
kj_33869,9,pc qe qd pe nc pi qk ok qh
kj_79516,6,pd nc oc nd qf jd
kj_53509,6,pc qe od tt pf qg
kj_62192,12,pd nc oc nd pf jd tt qh ph pi oh rg
kj_04554,6,pd tt nc tt qh oi
kj_10161,14,pc qe nd tt qi tt qd tt oi rd rc pi pj ph
kj_20184,8,pd tt nc md nd mf jd jf
kj_69616,7,pc qe qd pe nc tt ph
kj_61333,21,pd qc pc qd qf qe pe rf tt qg pf qb tt pg og oh nh ng of oi mh
kj_30742,15,pd qc pc qd qf qe pe rf tt qg pf qb tt mc pb
kj_36857,16,pd qc pc qd pe rf tt lc jc le tt hc tt qg pg id
kj_73809,8,pd nc lc ne kd pf pb re
kj_81155,6,pd qc pc qd pe rf
kj_51467,11,pd nc qf pc qc qb rd ob od tt lc
kj_23682,8,pc qe qd pe nc tt qh oh
kj_55631,17,pd qc pc qd qe re rf qf pe rg rd sf rc pf tt oe qb
kj_82898,8,pc qe od tt qh pf ql rc
kj_67567,7,pc qe od tt qh tt kd
kj_72007,7,pd tt nc tt qi tt kd
kj_15288,23,pc tt pe pf qf qg pg of og qe rf nf re qd pd rg rd ng oi qj qm pl nh
kj_28760,12,pc qe nd pi qg pg ph oh qh pf qi ng
kj_39271,7,pc tt pf tt qi tt pi
kj_83371,6,pd tt mc ld lc tt
kj_92322,16,pc tt pf qh tt pd od qd qc rc rb re sc oe nd tt
kj_88621,13,pd qc pc qd qf rf qg qe pe rg qh ld tt
kj_88018,6,pd tt nc tt qg lc
kj_67413,9,pc qe od tt qh oe ne of rd
kj_26075,8,pd qc pc qd pe rf ke tt
kj_70147,8,pd qc pc qd pe rf tt kg
kj_98385,27,pd qc pc qd qf qe pe rf tt pf qg rg of pg qh og qb rb rc rd nf pi ng oi ra sb tt
kj_85030,16,pd qc pc qd qf qe pe rf tt qg pf qb tt pg lc ng
kj_70702,20,pc tt qf pd qd oc pe od pb oe of nf og ng oh qc ob md rc tt
kj_29806,13,pc pe qe qf qd pf nc tt pj mf ql md mc
kj_90348,13,pd qc pc qd qe re rf qf pe rg rd sf rc
kj_68249,6,pd tt nc tt qh lc
kj_73037,13,pd qc pc qd pe rf qg tt pb rg qh qb tt
kj_67481,11,pd qc pc qd qf qe pe rf qg rg qh
kj_21870,14,pd nc qf pc qc qb oc pb od ob nd mc tt qh
kj_63525,6,pd nc tt ne pf tt
kj_57334,6,pc tt pe tt ld pf
kj_76905,14,pd pc oc qc od re qf qe pf pe oe of ph og
kj_39158,12,pd qc pc qd pe qf qe re qb tt qj pf
kj_32866,8,pd qc pc qd pe rf tt qh
kj_30758,8,pc qe tt qh qd pe nc tt
kj_69267,18,pd qc pc qd qf qe pe rf qb rb re pf qg rd rg of ob qa
kj_72204,6,pc qe od qh tt ld
kj_74493,6,pd tt nc tt qf md
kj_81669,6,pd nc qf tt kc hd
kj_02308,19,pc pe qh nd oe od pd qe ne ob pb md me ld qd pg ph og qg
kj_81634,13,pd qc pc qd pe qf pf rg qh tt qg rf tt
kj_45573,10,pd nc tt qc pc qd pe qe pf qf
kj_21870,14,pd nc qf pc qc qb oc pb od ob nd mc tt qh
kj_63525,6,pd nc tt ne pf tt
kj_57334,6,pc tt pe tt ld pf
kj_98385,27,pd qc pc qd qf qe pe rf tt pf qg rg of pg qh og qb rb rc rd nf pi ng oi ra sb tt
kj_85030,16,pd qc pc qd qf qe pe rf tt qg pf qb tt pg lc ng
kj_21870,14,pd nc qf pc qc qb oc pb od ob nd mc tt qh
kj_63525,6,pd nc tt ne pf tt
kj_57334,6,pc tt pe tt ld pf
kj_76905,14,pd pc oc qc od re qf qe pf pe oe of ph og
kj_39158,12,pd qc pc qd pe qf qe re qb tt qj pf
kj_32866,8,pd qc pc qd pe rf tt qh
kj_30758,8,pc qe tt qh qd pe nc tt
kj_10041,13,pc qe nd lc qg pg ph pf me qh qi rh pi
kj_38287,10,pc pe qe qf qd pf nc qj tt oj
kj_20274,15,pd nc qg qc pc qd pe pb ob qb oc rf oh nb rg
kj_79786,8,pc qe qd pe nc pi pk tt
kj_62525,8,pc pd qd oc qc od qf kd
kj_67257,7,pd nc qf tt oc nd jd
kj_38338,6,pd tt kd mc oc me
kj_84840,14,pd nc lc qc pc qd pe pb ob qb nb qf tt jd
kj_78269,8,pd tt mc tt qf ld md lf
kj_01317,6,pd nc pf oe of qc
kj_39717,6,pd nc qf pb qc ld
kj_73513,17,pc qe tt od oc nd mc md lc ld qd rd rc pd qc tt qh
kj_89751,9,pc qe tt od oc nd mc tt oh
kj_60341,7,pc qe od qh pf qf oh
kj_07338,22,pc tt pe pf qf qg pg of og qe rf nf re qd pd rg rd oi ng mg nh lg
kj_51184,15,pd nc qf pc qc qb oc pb od ob nd mc tt md tt
kj_63457,9,pd qc pc qd pe rf tt ld jc
kj_88329,17,pd nc tt qc pc qd pe pb ob qb nb mc kc mb oc qf le
kj_16168,16,pd nc tt qf pf pg of qd qg qe ph pc og qi tt rg
kj_63493,9,pd qc pc qd pe rf tt lc lb
kj_47606,8,pd tt nc qd qc rc qe rd
kj_69035,11,pc qe pg oe nd pj ng ne md me ld
kj_55329,10,pc tt pf pd qd qc qe oc pb nd
kj_21120,14,pd tt md qd qe re pe rd rf pc oc pb ob rb
kj_73883,13,pc qe tt od oc nd nc md mc tt ld tt le
kj_58702,8,pc pe qe qf qd tt pf tt
kj_15487,7,pd tt nc md mc tt ld
kj_01670,9,pc pe qe qf qd pf tt mc tt
kj_93974,8,pc qe tt od oc nd mc le
kj_40518,7,pc qe nd qi tt lc qg
kj_65372,6,pd nc tt qc pc qd
kj_25559,12,pd qc pc qd pe rf tt ld jd lf oh tt
kj_58704,11,pd nc qf pc qc qb rd ob tt od qi
kj_45886,6,pc qe od qh qk rc
kj_25559,12,pd qc pc qd pe rf tt ld jd lf oh tt
kj_58704,11,pd nc qf pc qc qb rd ob tt od qi
kj_45886,6,pc qe od qh qk rc
kj_21870,14,pd nc qf pc qc qb oc pb od ob nd mc tt qh
kj_63525,6,pd nc tt ne pf tt
kj_57334,6,pc tt pe tt ld pf
kj_01670,9,pc pe qe qf qd pf tt mc tt
kj_93974,8,pc qe tt od oc nd mc le
kj_40518,7,pc qe nd qi tt lc qg
kj_65372,6,pd nc tt qc pc qd
kj_77982,16,pc pe qe qf qd pf nc pj ql pl pm qm pk ol qk ok
kj_88759,15,pd nc qf pc qc qb oc pb od ob rc nd mb nb tt
kj_33119,8,pd tt nc tt qf pc oc qd
kj_99629,6,pc tt pf qh lc tt
kj_52900,22,pd qc pc qd qf qe pe rf tt ld qg rg qh of qb rb rc rd sb sc ra sa
kj_78485,14,pd nc tt qf pf pg of qd qg qe ph pc og qk
kj_62869,11,pd nc tt qf pf pg of qe qd kc tt
kj_59729,9,pc tt pe oc od nc pb nd tt
kj_57631,13,pd nc tt qf nd md ne pc mc oc ld qd me
kj_29086,11,pd qc pc qd pe qf tt rg og tt lc
kj_99227,6,pc tt pe tt ld tt
kj_66256,6,pd tt nc tt qf pg
kj_52867,7,pd tt nc mc mb lc nd
kj_47752,6,pc qe nd tt qg pf
kj_57870,6,pc tt qf tt kd mc
kj_85740,12,pd qc pc qd pe rf qg qf pf qh ph rg
kj_93734,10,pc qe nd pi ph qc pd qd oi tt
kj_19108,10,pc qe od tt qi tt pf qc qf rf
kj_90590,6,pd tt nc qf tt qi
kj_56595,23,pd qc pc qd qf qe pe rf tt ld jc pf qg rg of pg qh ph qi pi qj pj qk
kj_99683,7,pc qe od ph tt lc tt
kj_84480,7,pd nc lc tt qc tt pg
kj_58360,19,pd qc pc qd qe re rf qf pe rg rd sf rc tt og tt qh tt qj
kj_05424,18,pd nc lc qc pc qd pe pb ob qb nb qf tt jc tt mc mb ld
kj_67473,10,pc pe qe qf qd pf nc pj tt jc
kj_91261,9,pc tt qe oc od nc pb nd oe
kj_90271,17,pd qc pc qd qe re rf qf pe rg rd sf rc tt og oh nh
kj_90665,15,pd qc pc qd pe qe qf rf qb rb re rd rg se qg
kj_51911,13,pd qc pc qd qf qe pe rf tt qg pf qb pb
kj_47075,10,pd nc tt qc pc qd pe rf lc jc
kj_84615,19,pd qc pc qd pe rf tt qg pg ph qf rh oh pi tt og ng pf nf
kj_54754,16,pd qc pc qd qf qe pe rf qb rb re rd rg se qg of
kj_54114,9,pc qe od tt qh pf qd ne oh
kj_71504,9,pd qc pc qd pe rf tt qg ld
kj_69021,9,pd tt nc qf qe pf qj mf qh
kj_52243,7,pc qe od qh qj tt ql
kj_51870,18,pd qc pc qd pe rf tt qg tt lc pg ph qf rh oh pi jc le
kj_78044,8,pd nc oc nd qf tt kc ic
kj_06884,13,pc qe tt od oc nd mc tt md tt qg nf me
kj_10316,10,pd tt nc tt qi pi ph oi tt qh
kj_34225,9,pc qe od tt qh pf tt rc oh
kj_63541,7,pc tt qe oc od nc pb
kj_85094,14,pd nc qf pc qc qb oc pb nd ob od mc tt md
kj_13470,7,pd tt nc qd qe pe qf
kj_19171,7,pd nc oc nd pf nf tt
kj_89811,7,pc tt pe tt ph qd pd
kj_51819,14,pd qc pc qd pe rf qg kd tt qf pf pg qh og
kj_54316,10,pd qc pc qd pe qf tt rg ld jc
kj_42520,8,pc tt qf pd tt qc oc od
kj_37480,17,pc qe tt od oc nd mc md lc ld kd ke tt nc nb ob mb
kj_81132,9,pd qc pc qd pe rf tt kd kf
kj_98368,10,pd qc pc qd qf rf qg rg qh tt
kj_31618,9,pd tt nc md tt mc nd me kc
kj_68109,9,pd tt nc md tt mc nd me tt
kj_62668,12,pc qe od tt pf qg pg qh ph pi oi pj
kj_70619,11,pc qe tt od oc nd mc tt md tt id
kj_24766,8,pc pe qg qc qd pd qe qf
kj_53972,6,pd nc lc ne pg jc
kj_23588,10,pd tt nd qd qc qe rc pe od qh
kj_52801,10,pd nc jc qf pf pg of qc pc qd
kj_78370,18,pd qc pc qd pe qe qf rf qb rb rg pf qg pb re qa rd rc
kj_91261,9,pc tt qe oc od nc pb nd oe
kj_50780,9,pc pe qe qf qd pf nc pj ne
kj_34764,8,pd tt nc tt qg ph pg nh
kj_90054,21,pd nc tt qf pf pg of qd qc qe nd pe od rc pb qb pc rb kc ic id
kj_59050,14,pd qc pc qd qe re rf qf pe rg rd sf rc pf
kj_62389,13,pc pe tt oc ob od nc nb mb pb na qc tt
kj_59030,12,pd qc pc qd qf rf qg rg qe re qh tt
kj_06889,13,pd tt nc tt qi qf oi qd qc rc rb pc qb
kj_92531,7,pc qe pg oe nd pi qk
kj_29765,15,pd qc pc qd qf qe pe rf tt qg pf qb tt lc oh
kj_95962,7,pd nc oc nd pf tt kf
kj_61722,7,pc tt pe tt qh tt oi
kj_86955,26,pd qc pc qd qf rf rg qe pf pe oe od ob nd ne me of qb md nc mc nb mb na mf le
kj_78866,9,pd pc qc oc qd lc od tt jc
kj_90155,6,pc qe nd lc id ic
kj_12767,17,pc qe tt od oc nd mc tt md me le lf mf ne ke kf pd
kj_60714,14,pd qc pc qd qf qe pe rf tt qg pf qb tt kd
kj_86850,13,pd nc qf pc qc qb rb ob qa od pb pe qd
kj_75660,7,pc tt pf tt mc qd qc
kj_58590,13,pd qc pc qd pe rf qb rb re pb qe ob pi
kj_51524,6,pd nc lc tt qc pg
kj_05869,6,pd nc qf ne lf pg
kj_21771,10,pd nc qf qc ob qd pc rf qb rb
kj_51107,8,pc pe ph md nc nd mc ld
kj_67533,6,pd tt nc qf rd pi
kj_02461,26,pd qc pc qd pe qe qf rf tt pf qg rg qh of oh mf qb rb rc pb re qa rd qb rh lc
kj_14574,14,pd qc pc qd qf qe pe rf tt qg pf qb pb mf
kj_56422,14,pd nc tt qf pf pg of qd qg qe ph pc og tt
kj_71696,8,pd qc pc qd pe rf tt qg
kj_19388,16,pd nc kc qf md pc qc qd qe rd oc pb re pe od rf
kj_55280,10,pd nc lc ne pf kd oc nb kc jd
kj_37429,10,pc pe qe pd qd oc qf pb qc nd
kj_85254,6,pc tt qe pf pe nf
kj_79117,17,pd tt nc qf tt qd qc rc qe rd re pe rf pc od pb qg
kj_78742,16,pd qc pc qd qf qe pe rf tt qg pf qb oh md tt nf
kj_23670,11,pd qc pc qd pe rf tt qg kd tt kf
kj_40550,15,pd qc pc qd qf qe pe rf qg rg qh of pf tt pk
kj_75538,10,pd qc pc qd pe rf tt ld tt qg
kj_31310,8,pd tt nc tt kd qf qe pf
kj_90000,6,pd nc qf tt kc pg
kj_50671,6,pd nc qf tt lc ne
kj_86291,13,pd tt nc qf qe pf tt mf qh md mc ld kb
kj_62061,10,pc pd qd oc pe od qc oe pf of
kj_52245,9,pd tt nc qf qe pf qh mf md
kj_25998,9,pc qe nd tt qi tt ql tt qd
kj_85740,12,pd qc pc qd pe rf qg qf pf qh ph rg
kj_93734,10,pc qe nd pi ph qc pd qd oi tt
kj_19108,10,pc qe od tt qi tt pf qc qf rf
kj_90590,6,pd tt nc qf tt qi
kj_85740,12,pd qc pc qd pe rf qg qf pf qh ph rg
kj_93734,10,pc qe nd pi ph qc pd qd oi tt
kj_19108,10,pc qe od tt qi tt pf qc qf rf
kj_90590,6,pd tt nc qf tt qi
kj_84615,19,pd qc pc qd pe rf tt qg pg ph qf rh oh pi tt og ng pf nf
kj_54754,16,pd qc pc qd qf qe pe rf qb rb re rd rg se qg of
kj_54114,9,pc qe od tt qh pf qd ne oh
kj_06884,13,pc qe tt od oc nd mc tt md tt qg nf me
kj_10316,10,pd tt nc tt qi pi ph oi tt qh
kj_34225,9,pc qe od tt qh pf tt rc oh
kj_63541,7,pc tt qe oc od nc pb
kj_15909,12,pc qe od tt qh pf oh rc tt nf ld jc
kj_76981,6,pc tt pf qh rf og
kj_62479,6,pd nc qf tt jc if
kj_84578,6,pc tt pe qg tt re
kj_68496,8,pc qe od tt qh pf tt rc
kj_90007,6,pd nc qf kd oc nd
kj_63905,22,pd qc pc qd qf qe pe rf qb rb re pb rc qa rd qb rg pf qg nc nf ld
kj_38860,8,pd nc oc nd pf tt ld of
kj_40797,6,pc tt pe tt ph oi
kj_86291,13,pd tt nc qf qe pf tt mf qh md mc ld kb
kj_62061,10,pc pd qd oc pe od qc oe pf of
kj_52245,9,pd tt nc qf qe pf qh mf md
kj_25998,9,pc qe nd tt qi tt ql tt qd
kj_67684,25,pc tt qf pd od qc qd pe qe oc pb nd oe pf nc qg rg of ob rh qh pg rf qi tt
kj_03412,11,pd qc pc qd pe qe pf rg tt mc le
kj_59584,13,pc qe qd pe nc pi qk tt oj tt oi ph oh
kj_82411,8,pd tt nc md nd mf tt kc
kj_81996,23,pd qc pc qd qf qe pe rf qb rb re pb rc qa rd qb rg pf qg nc nf ld kd
kj_55620,9,pc pe qe qf qd pf nc pj om
kj_57364,8,pc tt pf pd od qc oc qd
kj_89638,7,pd tt oc qf pf pg of
kj_67167,11,pc tt pe pf of qe qf pg re qd pd
kj_11563,11,pd qc pc qd pe rf tt qg ld kd tt
kj_49948,12,pd qc pc qd pe qf tt rg tt og ld ne
kj_87194,11,pd qc pc qd pe rf tt kd tt nc md
kj_45259,7,pd tt nc md id mc nd
kj_54224,7,pd pc oc qc od re pg
kj_87100,13,pd qc pc qd pe rf tt kc qb rb re pb qe
kj_39010,6,pc qe od pg tt ld
kj_55242,6,pc qe od qh tt of
kj_98646,20,pd nc tt qf nd md ne pc qc oc pf od pe qb rd rc qd rb pi qk
kj_82026,7,pd qc pc qd pe rf lc
kj_53465,27,pd qc pc qd qf qe pe rf qb rb re pb rc qa rd qb rg pf qg oe of pg ne nc nd mc ng
kj_21583,7,pc qe od tt kc kd ld
kj_82034,6,pc tt qf tt qj pj
kj_67498,27,pc tt qf pd od qc qd pe qe oc pb nd oe pf nc of ob qg rg rh qh pg rf qi tt ne tt
kj_02485,11,pd qc pc qd pe rf tt kd tt qg mc
kj_41688,16,pc tt pe pf of qe pg qf qg pd oe qc od qd ob qb
kj_14986,14,pd qc pc qd pe rf qg tt pb rg qh qb tt lf
kj_41410,14,pc qe nd tt kd qc qb pb ob pd pa oc nc pb
kj_32124,6,pc tt pf mc tt me
kj_81179,13,pd nc qg qc pc qd pe pb ob qb oc rf oh
kj_81155,6,pd qc pc qd pe rf
kj_92224,6,pd tt nc md jc mc
kj_27364,18,pd qc pc qd qf qe pe rf qb rb re rd rg se qg of pf tt
kj_73490,11,pd tt nc qf tt qd qc rc rb tt qi
kj_96561,10,pc pe qe qf qd pf nc od oc pj
kj_31523,9,pd pc tt qd oc pe od qc tt
kj_13268,12,pc qe qh od oc nd mb oh pj lc mc md
kj_53472,8,pc qe od tt qh pf oh ng
kj_69430,6,pd nc pf tt oc pg
kj_07201,13,pc qe pg oe nd pj oh ne md me ld le kd
kj_96845,9,pd qc pc qd qe re rf qf pe
kj_33824,8,pc pd qc od oc nd re nc
kj_97021,13,pc tt pe pf of qe oe qd pg qf qc qg qj
kj_66725,12,pc qe tt od oc nd mc tt md tt qg og
kj_21360,8,pc tt qf kc tt nc tt le
kj_52157,9,pc qe nd tt qi qk oi ok qd
kj_55694,6,pd nc lc tt pg jc
kj_28210,6,pc tt qe pf qf tt
kj_21733,13,pd tt nc qf qi ql oi ph pi rd qc of ol
kj_38613,11,pc tt qf tt lc pe qe pd qd oc pb
kj_53260,7,pd nc qf tt oc tt nd
kj_75179,7,pc tt pf qh qj oh qg
kj_64033,21,pd qc pc qd qf qe pe rf qb rb re pb rc qa rd qb rg pf qg nc nf
kj_28493,6,pc qe od pg qi qk
kj_89486,17,pd qc pc qd qe re rf qf pe rg rd sf rc qb rb nb ob
kj_58052,10,pd nc oc nd pf jd tt qh qj re
kj_14111,8,pd nc tt jc ic id jb kb
kj_83560,19,pd qc pc qd qf qe pe rf qb rb re rd rg pf qg of oh tt ne
kj_95754,6,pc tt pe tt kd tt
kj_21575,6,pc qe tt md od jd
kj_94484,11,pc tt pf pd qd qc qe oc pb nd mc
kj_72573,10,pd qc pc qd pe qe qf rf pg rg
kj_69051,6,pc qe pg oe nd pj
kj_44713,15,pd qc pc qd qf qe pe rf qg rg qh ld jd jc id
kj_76950,8,pc qe od qh qj tt oj tt
kj_56439,18,pd qc pc qd pe qf pf qg qe re rf rd qh rg pg rh tt kd
kj_37429,10,pc pe qe pd qd oc qf pb qc nd
kj_66137,13,pd qc pc qd qf qe pe rf kd tt qg rg qh
kj_66299,7,pd tt nc md mc kd kb
kj_34901,6,pc tt qf kc mc kd
kj_02791,17,pc qe tt od oc nd mc tt md me le mf lf mg lg lh mh
kj_25398,10,pc qe tt od oc nd mc le tt qi
kj_69987,6,pc qe nd lc ic le
kj_97819,18,pd qc pc qd qe re rf qf pe rg rd sf rc qb rb tt qj tt
kj_31465,11,pd qc pc qd pe rf tt qg ld tt hd
kj_90891,9,pd qc pc qd pe qf pf rg qh
kj_82926,11,pc pe qe qf qd pf nd pj ql tt qi
kj_27813,6,pc qe tt md od pg
kj_93134,14,pd nc qf pc qc qb oc pb od ob me tt rc ld
kj_88791,11,pd nc qf pc qc qb oc pb od ob rc
kj_46363,8,pc tt pe qg qi og oi tt
kj_82648,11,pc qe qh od oc nd mb oh pj tt ni
kj_21728,10,pc tt pe oc od nc pb nd le me
kj_82079,10,pd tt nc qf qe pf rf rg re qh
kj_21222,9,pc tt pf qh qj oh tt pd od
kj_31381,19,pd qc pc qd qf qe pe rf qg rg qh tt rh tt qb rb pb ra tt
kj_53996,6,pd nc oc nd pf jd
kj_88227,6,pd nc tt oe qf pg
kj_86750,30,pd qc pc qd qf rf rg qe pf pe oe od ob nd ne me of qb md nc mc nb mb na le mf lf mg kh li
kj_78734,6,pc tt qf nc lc ld
kj_76581,14,pc qe od tt qh qk pf qc qb rb rc qd ra tt
kj_63377,12,pd qc pc qd qf qe pe rf tt ld qb rb
kj_21604,8,pd qc pc qd pe rf pi pj
kj_98754,6,pd tt nc qf tt jc
kj_29608,9,pc tt qf tt pi pe qe pd qd
kj_92879,7,pd nc qf tt kc ic ke
kj_66142,6,pc tt pf tt qi ok
kj_61898,18,pd nc qf pc qc qb oc pb nd ob od mc md tt lc lb kb qd
kj_11634,11,pc qe od tt qh pf rd nf og me lc
kj_39141,11,pc tt pe oc od nc pb nd tt of pf
kj_89001,11,pd qc pc qd pe rf tt qg ld kd kc
kj_20779,10,pc qe od qh tt ql pf qf pg ph
kj_94252,6,pc tt pf qh ph pg
kj_58250,13,pd qc pc qd qf qe pe rf tt qg pf qb lc
kj_38835,9,pc qe nd lc tt qc qb rc og
kj_58388,17,pc tt qf pd od qc qd pe qe oc pb nd oe pf nc qg rc
kj_53753,14,pd qc pc qd qf qe pe rf qg rg qh rh qi tt
kj_03268,10,pc qe nd qc qb pd rc oc qd pb
kj_52219,6,pc tt pf tt ld tt
kj_99455,16,pc qe qh od pd pe oe nd of rc nb mc rb rd pg mb
kj_47705,14,pd nc tt pf of oe pe ne qf pg qg ph qh pi
kj_69663,6,pc tt pf kd tt nc
kj_12232,6,pc qe pe pd od qd
kj_51325,16,pc tt qf pd qd oc pe od pb qc qb rc mc ob rb oe
kj_27467,8,pc qe qd pe nc pi tt lc
kj_06045,10,pd tt nc qf qi pl oi qd qc rc
kj_77138,8,pc tt pf qh tt pd qd qe
kj_57334,6,pc tt pe tt ld pf
kj_76170,6,pd nc qf tt oc nd
kj_81342,8,pd tt nc md nd mf tt pg
kj_63183,6,pd tt nc md kc tt
kj_23219,19,pd nc qf pc qc qb oc pb ob od nb qd pe rd mc nd md of qh
kj_01095,12,pd qc pc qd pe rf tt qg ld jc tt je
kj_00708,7,pc tt pe tt qh oj oh
kj_85311,6,pd tt nc md jc tt
kj_50613,8,pc qe nd tt qh tt qd rd
kj_74377,7,pc tt qe pf qf oc pd
kj_98974,6,pd nc tt qf nd od
kj_27921,14,pd qc pc qd qf qe pe rf tt qg pf qb oh ni
kj_95131,9,pd nc qf pc qc qb rb tt pb
kj_26234,8,pc qe od qh tt nc qd pe
kj_66988,16,pd nc qf pc qc qb oc pb ob od nb qd pe rd mc pg
kj_67922,14,pc qe tt od oc nd mc tt md me le mf lf mg
kj_20519,9,pc qe od tt pf tt qg qi tt
kj_84048,8,pd nc oc nd pf tt pi tt
kj_29443,11,pc qe nd lc qg pg ph pf rd re oh
kj_26340,7,pd tt nc qf tt lc rd
kj_56782,7,pd nc qf tt lc tt oc
kj_76950,8,pc qe od qh qj tt oj tt
kj_72109,8,pd tt nc qf qe pf tt oi
kj_67974,8,pc pe qe qf qd pf nd qj
kj_90669,25,pd qc pc qd qf qe pe rf tt pf qg rg qh of oh pi og nf qb rb ob qa lc mh ni
kj_81026,11,pd qc pc qd pe rf tt ld qf rg md
kj_76316,6,pc tt qf tt ph tt
kj_65955,6,pd tt nc mc nd md
kj_90367,11,pc qe qg od pd pe oe of ne pg md
kj_56011,25,pd nc tt qf pf pg of qd qc qe nd pe od rc pb qb pc rb kc md ld me mc nf nb
kj_33101,18,pd nc qf pc qc qb oc pb nd ob od mc tt le tt ph rh tt
kj_36510,11,pc qe nd lc tt qc qb rc ld kd kc
kj_89326,15,pd qc pc qd qe re rf qf pe rg rd sf rc tt qj
kj_63081,10,pd qc pc qd pe rf tt qg ld jc
kj_47515,7,pd tt nc qf rd tt qi
kj_77604,6,pd nc pf pc qc qb
kj_61589,17,pd nc qg qc pc qd pe pb ob qb oc rf oh tt rg qf pf
kj_81602,15,pd qc pc qd qe re rf qf pe rg rd sf rc tt og
kj_04712,13,pd nc qf pc qc qb rb tt pb oc pe kd gd
kj_64392,7,pc tt pf nc ld me le
kj_59824,13,pd nc jc pf of og nf ng nd qc pg pc ph
kj_68585,8,pc qe qh od oc nd mb qj
kj_75482,6,pc qe qd pe nc tt
kj_15068,17,pd qc pc qd qf qe pe rf tt qg pf qb tt pg ld tt id
kj_53756,13,pd qc pc qd qf qe pe rf qg rg qh rh qi
kj_04376,7,pd nc tt oe qf pb og
kj_58346,13,pd qc pc qd pe rf qg qf pf qh pg rg tt
kj_03432,7,pc qe od qh pi tt ph
kj_94428,7,pc qe od qh tt lc qj
kj_32784,14,pc tt pe oc od nc pb nd ne me nf mf mg lg
kj_53756,13,pd qc pc qd qf qe pe rf qg rg qh rh qi
kj_23919,11,pd qc pc qd pe rf tt ld lb tt qf
kj_06728,10,pc qe tt od oc nd mb tt of pg
kj_47244,8,pc qe qd pe nc tt qh me
kj_70778,7,pc qe qi od oc nd mb
kj_67047,14,pd qc pc qd qf qe pe rf rg qg pf rh tt qb
kj_69937,14,pd qc pc qd pe qe pf qf tt pg og oh ng ph
kj_62223,7,pc qe od qh tt lc tt
kj_02897,7,pc tt pf qh tt oh rf
kj_74287,7,pc tt pe tt pi oi ph
kj_55694,6,pd nc lc tt pg jc
kj_10595,21,pd qc pc qd qf rf rg qe pf pe oe of ne pb ob qb mc nf re me oc
kj_55271,8,pd tt nc qf qe pf qh mf
kj_71770,8,pd nc tt qc qd pc od mb
kj_52779,6,pc tt pe pf qe nf
kj_94702,18,pd qc pc qd qf qe pe rf qb rb rg pf qg pb of tt ob qa
kj_60102,12,pd tt nc pe qe pf qf pg qg ph tt qh
kj_80639,6,pc qe nd tt pf tt
kj_07439,6,pc tt qf qh pj oh
kj_32009,15,pc tt qf pd qd oc pe od pb qc ob mc rc jc tt
kj_74302,11,pd tt nc re rd qd qe qc rc pe qf
kj_56271,7,pd nc pf tt oc nd kd
kj_67210,7,pc qe od tt qh tt og
kj_90367,11,pc qe qg od pd pe oe of ne pg md
kj_52087,11,pd nc tt qf nd md ne pc qc oc pf
kj_20614,12,pc qe qg od pd pe oe of ne pg md pi
kj_84862,10,pd nc lc qc pc qd pe pb ob qb
kj_81986,8,pc qe tt od oc nd mc tt
kj_16285,6,pd nc tt jc lc je
kj_74348,16,pc qe tt nd od oe nc md mc ld pe pf pd pg lc kd
kj_94531,14,pd qc pc qd qf qe pe rf qg rg qh kd tt lf
kj_16230,14,pc tt qf pd qd oc pe od pb qc ob mc rc nf
kj_23424,10,pc pd oc qd qc rc rb re sc ne
kj_41681,15,pc tt pe oc od nc pb nd ne me nf mf mg ng lg
kj_98368,10,pd qc pc qd qf rf qg rg qh tt
kj_49226,7,pc qe od qh kd ke ld
kj_17778,18,pc qe nd tt qi qc qb pd rc oc qd pb qc od re ne tt qf
kj_31008,14,pd qc pc qd qf qe pe rf qg rg qh rh qi ld
kj_82464,9,pc tt pf mc tt pd qc nd qd
kj_87719,9,pc tt pe qi tt qg tt re tt
kj_93951,10,pd qc pc qd qf qe pe rf ld ke
kj_47341,9,pc qe tt od oc nd mb pi pg
kj_90340,8,pc qe tt od oc nd mb tt
kj_57954,8,pc qe qg tt pf qc qb rb
kj_17930,17,pd qc pc qd qe re rf qf pe rg rd sf rc tt og mc qh
kj_07011,10,pc qe od qh pf qf tt pg nf tt
kj_56655,9,pc qe qi od oc nd mb tt qg
kj_43058,9,pc pe qh md qe qf qd tt ne
kj_64607,15,pd nc tt qf nd md ne pc qc oc rd od pe oe pf
kj_66935,9,pd qc pc qd pe rf tt le lc
kj_80317,6,pc tt pf mc tt qh
kj_75531,26,pd qc pc qd qf rf rg qe pf pe oe od ob nd ne me re of nf og mf qb md qg sf pg
kj_89280,16,pc tt pe pf of qe qf pg re qd pd qg rf rg rd og
kj_78521,11,pd qc pc qd pe rf tt kd qf rg ph
kj_54603,7,pc qe od tt pf qg qk
kj_21223,7,pc qe od pg qi tt oi
kj_40634,19,pc tt pe pf qf qg pg of qh rg qe ph og qi oh rh nf oi ni
kj_33980,16,pc tt pe pf of qe qf pg re qd pd qg rf rg rd tt
kj_26979,8,pd tt nc md nd mf tt qf
kj_74005,7,pc qe qh tt pf tt pe
kj_49959,9,pc qe nd pi tt lc ph qh qg
kj_71659,8,pc qe pg oe nd pj ql ld
kj_77245,6,pc tt pf tt qi tt
kj_90367,11,pc qe qg od pd pe oe of ne pg md
kj_15879,7,pc qe nd lc jc le pf
kj_63233,6,pc tt pe pf qe tt
kj_79715,11,pd nc tt qc pc qd pe pb ob qb tt
kj_23091,10,pd nc tt qc qd pc od mb tt qh
kj_55271,8,pd tt nc qf qe pf qh mf
kj_45102,14,pc qe tt od oc nd mc tt qi tt qg md lc ld
kj_38897,7,pc qe tt nc od nd pf
kj_25069,7,pc qe od tt pf lc tt
kj_47380,12,pc tt pe pf of qe qd oe pd pg nf pi
kj_16095,7,pd tt nc md nd mf ni
kj_59855,7,pd tt nc md kc mc nd
kj_16002,22,pd nc tt qf pf pg of qc qe pc qg tt mc nd mb tt ob nb oc od na md
kj_89280,16,pc tt pe pf of qe qf pg re qd pd qg rf rg rd og
kj_72238,9,pd nc oc nd pf jd tt gc tt
kj_72323,11,pd qc pc qd pe qe qg qf pf tt ph
kj_81197,11,pd nc oc nd pf qh ph pi oh qf qi
kj_62882,10,pd tt nc re qf rf tt qc pc qb
kj_24331,9,pc qe nd tt qg pg ph pf rd
kj_91670,20,pd qc pc qd pe qf tt rg tt ld jc jd kd kc ke lb jb le id og
kj_56026,7,pc qe tt od qd re nb
kj_81155,6,pd qc pc qd pe rf
kj_41962,6,pc tt pe tt pi oj
kj_64642,18,pc qe nd pi tt lc tt qc qb rc pf pe mc ld nf oe ne of
kj_66290,9,pc qe od qh tt lc qd pe nc
kj_83377,6,pc tt qf kd mc tt
kj_65150,11,pd qc pc qd qf rf qg rg qh ld tt
kj_60136,9,pc qe od qh tt lc jc le hd
kj_81155,6,pd qc pc qd pe rf
kj_76149,15,pc tt pe pf of qe oe qd pg qf qc qg tt ph og
kj_48052,9,pc qe od qh qj tt qd ql pk
kj_71696,8,pd qc pc qd pe rf tt qg
kj_80317,6,pc tt pf mc tt qh
kj_21371,13,pc qe od qh tt lc qd pe nc id pi qi pk
kj_35035,11,pc pe qe qf qd pf nc pj tt qm oh
kj_62978,10,pc tt pf mc tt pd qc nd qd tt
kj_71842,7,pd nc oc nd qf tt kd
kj_71234,19,pd qc pc qd pe rf tt qg pg ph qf rg oh og pf qb pi qh nh
kj_26110,14,pd qc pc qd qf qe pe rf qg rg qh of ld oj
kj_81253,12,pd qc pc qd pe rf tt ld qf rg ph pj
kj_50775,7,pc qe qd pe nc tt me
kj_79794,17,pc tt pe pf qf qg pg of qh rg qe ph og qi oh rh nf
kj_64601,8,pd tt nc md nd mf tt mc
kj_87390,7,pd tt nc md mc kd ld
kj_87530,6,pc tt pe tt pi tt
kj_27915,16,pd qc pc qd pe qf tt rg pf pg og ph tt oh ng nh
kj_28529,12,pd qc pc qd pe rf tt ld tt qg tt ng
kj_79707,12,pd nc tt qc pc qd pe pb ob qb tt qf
kj_84858,12,pd nc lc qc pc qd pe pb ob qb nb qf
kj_82176,10,pc qe qh od oc nd mb oh pj tt
kj_92160,7,pc qe pg tt pe tt qd
kj_51107,8,pc pe ph md nc nd mc ld
kj_81274,7,pd qc pc qd pe rf ke
kj_82143,6,pd tt mc ne nd ld
kj_20614,12,pc qe qg od pd pe oe of ne pg md pi
kj_97765,8,pd tt kc kd tt lc kb tt
kj_69821,6,pc tt qe pf pe qf
kj_35781,11,pc qe tt od oc nd mb tt pg of ld
kj_01001,9,pc pe qe qf re rf pd oe nd
kj_81986,8,pc qe tt od oc nd mc tt
kj_90348,13,pd qc pc qd qe re rf qf pe rg rd sf rc
kj_17639,9,pd tt nc re qf rf qd qe qh
kj_87731,8,pc qe nd tt qi tt qd tt
kj_69175,7,pd nc oc nd pf tt jc
kj_74119,14,pd nc qf pc qc qb oc pb nd ob od md me ld
kj_41778,7,pc qe nd lc tt id qd
kj_12132,6,pc tt qf qh tt kd
kj_76149,15,pc tt pe pf of qe oe qd pg qf qc qg tt ph og
kj_48052,9,pc qe od qh qj tt qd ql pk
kj_71696,8,pd qc pc qd pe rf tt qg
kj_80317,6,pc tt pf mc tt qh
kj_64607,15,pd nc tt qf nd md ne pc qc oc rd od pe oe pf
kj_66935,9,pd qc pc qd pe rf tt le lc
kj_80317,6,pc tt pf mc tt qh
kj_43775,8,pc tt qf md tt pd qd qc
kj_14424,8,pc qe nd tt qi tt qd ph
kj_56364,7,pd tt nc md nd mf kc
kj_67878,13,pd nc qf pc qc qb oc pb od ob nd mc md
kj_54245,7,pd nc lc tt pg tt qc
kj_28210,6,pc tt qe pf qf tt
kj_64554,6,pc qe nd tt qi pj
kj_73849,13,pd qc pc qd pe rf qg qf pf pg qh og pi
kj_53756,13,pd qc pc qd qf qe pe rf qg rg qh rh qi
kj_79994,9,pc qe nd lc tt le qd pe mb
kj_65069,6,pd tt nc tt qf lc
kj_70544,24,pd qc pc qd qf qe pe rf qb rb re pb rc qa rd qb rg pf qg nc nf tt ld me
kj_77982,16,pc pe qe qf qd pf nc pj ql pl pm qm pk ol qk ok
kj_99629,6,pc tt pf qh lc tt
kj_81155,6,pd qc pc qd pe rf
kj_83307,16,pd qc pc qd qf qe pe rf qb rb re se rg rd qg ld
kj_32454,9,pd nc qf ne tt qc pc pb nf
kj_88275,7,pd tt nc qf qe pf ph
kj_29971,7,pd nc qf tt kc tt hd
kj_70778,7,pc qe qi od oc nd mb
kj_26263,18,pd qc pc qd pe qe qf rf tt pf qg rg qh of qb rb oh mf
kj_39454,13,pc qe tt od oc nd mc tt md me le mf qg
kj_20614,12,pc qe qg od pd pe oe of ne pg md pi
kj_87376,7,pc qe nd tt pi tt qd
kj_80371,6,pd tt nc re qd qi
kj_90665,15,pd qc pc qd pe qe qf rf qb rb re rd rg se qg
kj_15511,13,pc qe tt od oc nd mc tt ph tt of md lc
kj_19487,6,pc tt qf pf qg pd
kj_98256,12,pd qc pc qd pe qe qf rf tt qg pf qb
kj_90367,11,pc qe qg od pd pe oe of ne pg md
kj_25840,7,pc tt qe oc od nd tt
kj_72131,6,pc qe nd tt qi qh
kj_00018,17,pd qc pc qd qf qe pe rf qb rb re rd rg se pg tt pk
kj_69977,7,pd nc oc nd pf qh lc
kj_41537,6,pd nc qf tt pb tt
kj_88310,14,pc qe tt nd pe pd od qd oc oe pf qc nc md
kj_27035,7,pd nc tt qf oc nd qe
kj_47012,7,pc tt qf nc tt pd qd
kj_83090,13,pd qc pc qd qf qe pe rf qg rg qh lc le
kj_20614,12,pc qe qg od pd pe oe of ne pg md pi
kj_52888,6,pc tt pf lc ld md
kj_40335,6,pc qe tt qh tt mc
kj_13117,17,pd qc pc qd qf qe pe rf tt qg pf qb tt pg tt ng mc
kj_44279,10,pd tt nc md tt mc nd me tt ic
kj_52215,10,pd qc pc qd pe rf qg tt qf rg
kj_00630,7,pc tt pe qg qi pi qj
kj_58056,11,pd qc pc qd pe rf tt qg tt og tt
kj_15642,10,pd qc pc qd pe qf tt rg ld ke
kj_49025,7,pd tt nc tt qf mc md
kj_57930,12,pd qc pc qd pe qe qg qf pf rg qh rh
kj_88791,11,pd nc qf pc qc qb oc pb od ob rc
kj_57566,7,pd nc lc id tt ne pg
kj_13500,15,pd nc lc qc pc qd pe pb ob qb nb qf tt jc jd
kj_85487,9,pc qe pg oe nd pi ng qg tt
kj_21851,21,pd qc pc qd pe qf qb pf qj ql qe re rd rc rf sd rg qh rh rb of
kj_30327,12,pd nc qf pc qc qb oc pb od ob tt pg
kj_85110,8,pc pe qe qf qd pf nd pj
kj_14941,8,pc tt pe tt qh ph pg pi
kj_11175,14,pd qc pc qd qf qe pe rf qg rg qb rb rc rd
kj_34400,13,pd qc pc qd pe rf tt ld qf rg qb rb lc
kj_02859,11,pc tt pe pf of qe oe qd pg qc qf
kj_23656,6,pd pc tt od tt pe
kj_27344,23,pd nc pf oe oc pe qe qf qg rf qd od ob rg og qh nd ne md me ld le kd
kj_24247,10,pc qe od tt pf qg pg qh ph tt
kj_52939,9,pc qe tt od oc nd mc tt qg
kj_18122,6,pd nc qf qg rg qh
kj_27952,17,pd qc pc qd qf qe pe rf qb rb re rd rg se qg of oh
kj_34400,13,pd qc pc qd pe rf tt ld qf rg qb rb lc
kj_90207,9,pc pe qe qf qd pf nd pj pm
kj_90097,14,pd pc qc oc qd lc kc ld kd ke je jf ie kf
kj_31251,8,pd tt nc re rd mc nd tt
kj_77400,7,pc qe nd pi tt lc tt
kj_52491,14,pd tt nc qf tt qd qc rc qe rd pe re pf qg
kj_01691,6,pd tt nc md tt kc
kj_10933,44,pd qc pc qd qf rf rg qe pf pe oe od ob nd ne me mf mc qb re qh rb ra rc le md mb lb nb lf mg kc sd sb sf se sg ma na la qa pb oc pa
kj_73617,15,pd nc tt qc pc qd pe pb ob qb nb qf mc tt ke
kj_08785,10,pd nc qf tt oc nd jc hc lc ng
kj_83505,13,pd nc kc qc pc qd pe pb ob qb oc qf ke
kj_27240,12,pc qe pg oe nd ne md me ld le kd tt
kj_05628,6,pd tt oc qe qd qi
kj_79110,11,pd qc pc qd pe rf qg tt pb rg qh
kj_98416,10,pd tt nc qf qe pf tt od oc qc
kj_86071,6,pc qe od qh tt oi
kj_74967,28,pd qc pc qd qf qe pe rf qb rb re pb rc qa rd qb rg pf qg oe of pg ne nc od ph qi ld
kj_67245,8,pc qe tt od oc nd mc qh
kj_86115,7,pc tt pf qe pe qd qc
kj_99455,16,pc qe qh od pd pe oe nd of rc nb mc rb rd pg mb
kj_47705,14,pd nc tt pf of oe pe ne qf pg qg ph qh pi
kj_69663,6,pc tt pf kd tt nc
kj_12232,6,pc qe pe pd od qd
kj_45102,14,pc qe tt od oc nd mc tt qi tt qg md lc ld
kj_38897,7,pc qe tt nc od nd pf
kj_25069,7,pc qe od tt pf lc tt
kj_61898,18,pd nc qf pc qc qb oc pb nd ob od mc md tt lc lb kb qd
kj_11634,11,pc qe od tt qh pf rd nf og me lc
kj_39141,11,pc tt pe oc od nc pb nd tt of pf
kj_74119,14,pd nc qf pc qc qb oc pb nd ob od md me ld
kj_41778,7,pc qe nd lc tt id qd
kj_12132,6,pc tt qf qh tt kd
kj_47380,12,pc tt pe pf of qe qd oe pd pg nf pi
kj_16095,7,pd tt nc md nd mf ni
kj_59855,7,pd tt nc md kc mc nd
kj_90669,25,pd qc pc qd qf qe pe rf tt pf qg rg qh of oh pi og nf qb rb ob qa lc mh ni
kj_81026,11,pd qc pc qd pe rf tt ld qf rg md
kj_76316,6,pc tt qf tt ph tt
kj_65955,6,pd tt nc mc nd md
kj_27915,16,pd qc pc qd pe qf tt rg pf pg og ph tt oh ng nh
kj_28529,12,pd qc pc qd pe rf tt ld tt qg tt ng
kj_79707,12,pd nc tt qc pc qd pe pb ob qb tt qf
kj_90348,13,pd qc pc qd qe re rf qf pe rg rd sf rc
kj_17639,9,pd tt nc re qf rf qd qe qh
kj_87731,8,pc qe nd tt qi tt qd tt
kj_69175,7,pd nc oc nd pf tt jc
kj_94702,18,pd qc pc qd qf qe pe rf qb rb rg pf qg pb of tt ob qa
kj_60102,12,pd tt nc pe qe pf qf pg qg ph tt qh
kj_80639,6,pc qe nd tt pf tt
kj_07439,6,pc tt qf qh pj oh
kj_58250,13,pd qc pc qd qf qe pe rf tt qg pf qb lc
kj_38835,9,pc qe nd lc tt qc qb rc og
kj_13500,15,pd nc lc qc pc qd pe pb ob qb nb qf tt jc jd
kj_85487,9,pc qe pg oe nd pi ng qg tt
kj_21993,15,pd qc pc qd qf rf qg qe pe rg qh rh qi tt qm
kj_86081,15,pc tt pf qh ph pi oh rg rf qf qe qg re oi ni
kj_75914,6,pd tt nc md nd mf
kj_34937,20,pc tt pe pf qf qg pg of og qe rf nf re qd pd rg rd tt ng mg
kj_42602,13,pd qc pc qd pe rf qf qe qb rb re rd rg
kj_69921,13,pd qc pc qd qf qe pe rf qg rg qh tt lg
kj_62217,10,pc qe od qh tt lc tt nc qd pe
kj_80507,8,pc tt pe qg tt re tt og
kj_50189,15,pc tt pf qh qj pd qd qe pe od qc qf pg ph nf
kj_67450,14,pd nc tt qf pf pg of qc qe pc qg qj qh qm
kj_90328,8,pd qc pc qd pe rf lc tt
kj_77074,23,pd qc pc qd pe rf tt kc qb rb re qe qf pf qg rd rg of ld kd le oh tt
kj_59915,11,pd qc pc qd pe qf tt rg tt og ld
kj_85174,7,pc pe qe qf qd pf nd
kj_47320,13,pd qc pc qd qf qe pe rf qb tt rc qg pf
kj_51459,10,pd tt nc qf qe pf tt mf md tt
kj_81170,6,pc qe nd tt qi oj
kj_77676,15,pc tt pe pf qf qg pg of og qe rf nf re ng oi
kj_46233,14,pd nc qg qc pc qd pe pb ob qb oc qe qf nb
kj_47515,7,pd tt nc qf rd tt qi
kj_34555,6,pd tt mc kc tt qc
kj_92944,26,pd qc pc qd qf qe pe rf tt pf qg rg qh of oh pi og nf qb rb rc rd sb sc ra sa
kj_93208,21,pd qc pc qd pe qf tt pf of og nf ng mf mg lf lg kf tt qe re rd
kj_56296,9,pc pd qd qe od pe qc qi tt
kj_02109,10,pc pe qe qf qd pf nd ld nf pi
kj_17775,9,pc qe qd od oc nd mc rd rc
kj_43029,7,pd nc qf tt lc pg pf
kj_91924,7,pd tt kc qf qe pf nd
kj_06089,24,pd nc qf pc qc qb oc pb od ob nd mc md ld lc lb kc kd kb jc jb ic ib hc
kj_15004,15,pd nc qf pc qc qb oc pb nd ob od mc tt le pi
kj_60021,7,pc qe nd lc qd pe mb
kj_62621,6,pc tt qf tt lc nc
kj_07338,22,pc tt pe pf qf qg pg of og qe rf nf re qd pd rg rd oi ng mg nh lg
kj_71225,18,pd nc qf pc qc qb oc pb od ob nd mc md tt lc lb kb qd
kj_84414,13,pd qc pc qd qf qe pe rf qg rg qh tt ld
kj_74951,13,pc tt pe oc od nc pb nd le oe pd kc tt
kj_81155,6,pd qc pc qd pe rf
kj_74396,10,pc tt pf pd qd qc qe tt oc nc
kj_18023,10,pd nc nd od oc oe mc pc nb ob
kj_69051,6,pc qe pg oe nd pj
kj_21136,13,pd qc pc qd qf rf rg re pg pb ob qb tt
kj_60282,10,pc pd qd qe od pe qc pi oe pg
kj_82975,8,pc tt pe oc od nc pb kc
kj_77863,20,pd qc pc qd pe rf tt ld qb rb re qe qf rd rg pf qg of ne oh
kj_99275,13,pc tt pe tt qh oc od nc pb nd ne me nf
kj_08375,22,pd qc pc qd pe rf tt qg pg ph oh oi nh pf og of qe re qf qh nf ni
kj_88231,16,pd qc pc qd qe re rf qf pe rg rd sf rc tt og pi
kj_72647,14,pd qc pc qd pe rf qb rb re qe qf rd rg tt
kj_22424,11,pd tt nc tt qf md mc kd ld le lc
kj_51793,7,pc qe nd tt qh ph pg
kj_70178,6,pd nc tt jc kd kc
kj_20614,12,pc qe qg od pd pe oe of ne pg md pi
kj_07855,9,pd tt nc re rd tt qe tt qi
kj_60972,9,pc qe nd pi tt lc tt rc og
kj_59050,14,pd qc pc qd qe re rf qf pe rg rd sf rc pf
kj_41342,13,pd qc pc qd pe rf tt lc le qg jd jc ic
kj_90367,11,pc qe qg od pd pe oe of ne pg md
kj_21543,18,pd qc pc qd qf qe pe rf tt ld qb rb rg pf qg pb of mh
kj_82953,12,pd qc pc qd pe rf tt ld qf rg ph qb
kj_44823,9,pd nc lc tt nd qc oc qd qf
kj_64156,14,pd nc qf pc qc qb oc pb od ob me qd tt qi
kj_83628,8,pc tt pe tt qi pi ph qh
kj_80403,13,pd qc pc qd qf qe pe rf qg rg qh of pf
kj_65422,12,pc tt pe oc od nc nd pb qc lc tt md
kj_07528,12,pc pe qe qf qd pf nc pj tt ql tt pm
kj_36433,9,pc qe tt mc nd pd oc qc qb
kj_18809,11,pd qc pc qd pe rf tt qg ld tt je
kj_79324,11,pc qe tt od oc nd nc md mc tt ld
kj_87302,9,pc qe tt od oc nd mb tt qh
kj_58279,6,pc qe od pi tt lc
kj_23705,18,pd qc pc qd qf qe pe rf tt kc tt ke tt pf qg of rg pb
kj_49320,11,pc qe tt od oc nd mc tt md tt pg
kj_92289,7,pc qe qg od oc nd mb
kj_80723,20,pd qc pc qd qf rf rg re pg pe qe pb ob qb nc oe nd ne me og
kj_03767,13,pc pd qd qe od pe qc oe nd ne ld me kc
kj_93330,8,pd nc lc jc nd qc oc qd
kj_62393,12,pc pe tt oc ob od nc nb mb pb na qc
kj_20614,12,pc qe qg od pd pe oe of ne pg md pi
kj_84729,10,pd nc tt qc pc qd pe pb ob qb
kj_52070,14,pd qc pc qd pe rf tt lc jc le tt hc tt id
kj_67033,12,pd qc pc qd pe rf qb rb re pb qe ob
kj_73811,9,pd nc lc ne kd pf pb re qh
kj_68571,23,pd qc pc qd qf qe pe rf qb rb re pb rc qa rd qb rg pf qg mc of oc tt
kj_45376,16,pd nc tt qc qd pc od nd ne me nf mf ng mg mh nh
kj_37687,8,pc qe qd pe nc tt qh tt
kj_19893,8,pd nc tt pb lc oe qf qc
kj_98880,19,pc qe tt nd pe pd od qd oc oe pf qc nc of qf og re rd rf
kj_57968,9,pd qc pc qd pe rf ld le md
kj_65981,21,pd qc pc qd qf rf rg qe pf pe oe of ne pb ob qb oh oc nf tt od
kj_19273,8,pc qe nd qh qi pi qj ph
kj_31766,8,pd tt nc rd qg qc pc rf
kj_75454,7,pc qe qd pe nc tt qh
kj_38161,13,pc qe tt od oc nd mc tt qg pi qi pg pf
kj_23063,9,pc tt qh pd oc qd qc od nd
kj_53565,8,pc qe od tt qh tt pf qj
kj_45806,7,pc tt pe pf oe qf of
kj_03263,18,pd qc pc qd pe qe qf rf qb rb re rd rg tt sf pb tt pf
kj_55343,6,pc qe qd pe nc pi
kj_51356,34,pd qc pc qd qf rf rg qe pf pe oe od ob nd ne me mf mc le md qb re qh rb ra rc mb lb nb kc kf of nf og
kj_81172,14,pc tt qf pd qd oc pe od pb qc ob mc rc jd
kj_83446,14,pc tt pe oc od nc pb nd ne me nf mf mg ng
kj_62276,6,pd nc lc qf nd qj
kj_86829,16,pd nc lc qc pc qd pe pb ob qb nb qf tt jc tt mc
kj_73157,7,pc qe od tt qh pf tt
kj_29643,7,pd tt nc re rd mc md
kj_90035,14,pd nc tt qf pf pg of qe qd md ob oc pb mf
kj_72653,13,pc qe nd lc tt le pf pe of oe ne nf qf
kj_52638,11,pd tt nc re qf rf tt qc pc qb tt
kj_76119,6,pd nc qf tt pb kd
kj_91251,11,pd nc qf pc qc qb rb pb qd kc tt
kj_04119,11,pc qe nd lc tt pd oc qc qb rc pf
kj_48864,7,pd tt nc qf rd tt pi
kj_90248,6,pc qe qd pe nc lc
kj_63512,15,pd qc pc qd pe rf qg tt rg qf pf pb ob qb oh
kj_48162,14,pd qc pc qd qf qe pe rf tt qg pf qb pb kc
kj_54528,7,pc tt pe pf qe qi tt
kj_85692,7,pd tt mc ne ld qf qi
kj_56476,6,pc pe nd qc qb qd
kj_89514,6,pc tt pf tt mc tt
kj_89866,14,pd nc qf pc qc qb oc pb od ob tt nd qi pg
kj_82193,14,pd qc pc qd qf qe pe rf tt qg pf qb tt md
kj_65580,12,pd nc pf oe oc pe qe qd qc rd qf rc
kj_46861,17,pc tt pf qh tt pd od qd qc rc nc re tt oe ne of ph
kj_66665,12,pd tt nc qf tt qd qc rc qe rd pe re
kj_25189,8,pd tt nc qf qi tt qe tt
kj_38843,7,pc tt pe tt qh qc qd
kj_26464,11,pc tt qf kd mc pd od qc qd pe qe
kj_87731,8,pc qe nd tt qi tt qd tt
kj_63205,7,pc tt pe pf qe tt of
kj_97714,7,pd tt nc md nd mf pg
kj_80843,18,pd qc pc qd qf qe pe rf rg qg pf rh qb sg rc rd sd re
kj_20614,12,pc qe qg od pd pe oe of ne pg md pi
kj_99163,7,pc qe nd tt qi qg qd
kj_95616,6,pc qe nd lc qg pg
kj_18263,10,pc tt qe pf tt qf pe ng tt oe
kj_81132,9,pd qc pc qd pe rf tt kd kf
kj_35695,6,pd tt nc ph qh pg
kj_35328,32,pd qc pc qd qf qe pe rf qb rb re pb rc qa rd qb rg pf qg nc nf ld tt of og oe pg tt md le mc od
kj_54198,15,pd qc pc qd qf qe pe rf tt qg pf qb pb le lc
kj_43107,14,pd tt nc qf qe pf tt mf qh md mc ld kb tt
kj_22082,8,pc qe od tt qi tt ql rc
kj_88032,18,pd nc tt qf nd md ne pc qc oc pf od pe qb rd rc qd rb
kj_31084,16,pd qc pc qd qf rf qb qg pf rb pg pb ob qa tt qh
kj_11342,8,pd nc tt kc qf tt oc nd
kj_84482,6,pd nc lc tt qc tt
kj_79865,15,pd nc nd md ne ob pb pc qc oc qb me mf lf mg
kj_52583,13,pc pe tt oc ob od nb qc qb pd pb rc lc
kj_90367,11,pc qe qg od pd pe oe of ne pg md
kj_62065,9,pc pd qd oc pe od qc oe pf
kj_06089,24,pd nc qf pc qc qb oc pb od ob nd mc md ld lc lb kc kd kb jc jb ic ib hc
kj_62621,6,pc tt qf tt lc nc
kj_53982,13,pd qc pc qd pe rf tt kd tt qg pg ph qf
kj_44387,13,pc tt qf pd qd oc pe od pb qc qb rc oe
kj_96483,12,pd qc pc qd qf qe pe rf tt qg pf qb
kj_54746,17,pd qc pc qd qf qe pe rf qb rb re rd rg se qg of pf
kj_85096,13,pc qe tt od oc nd mc tt md tt mf tt pg
kj_57146,9,pd tt nc md mc kd tt lc tt
kj_22385,7,pc tt pe tt ph tt mc
kj_26677,26,pc qe nd pi tt lc qh ph pg og pf qc pd pe of oe ne nf ng mf oh od oc nc qd rf
kj_61467,17,pc tt pe pf of qe oe qd pg pd od qc qf oc nc pb tt
kj_55343,6,pc qe qd pe nc pi
kj_43139,6,pc tt pf nc md nd
kj_38911,31,pd qc pc qd qf rf rg qe pf pe oe od ob nd ne me mf mc qb re le md kc lf nf qg ke nb rc og lg
kj_70259,6,pc pe qe qf qd tt
kj_95455,9,pc qe nd lc tt qc qb rc mf
kj_79002,8,pd nc qf tt kd pc qc qb
kj_88559,6,pc tt qf tt kd tt
kj_54762,15,pd qc pc qd qf qe pe rf qb rb re rd rg se qg
kj_90719,14,pd qc pc qd pe qf qb pf tt nf tt rb lc tt
kj_88000,6,pd tt nc tt qg md
kj_91393,32,pd qc pc qd qf qe pe rf qb rb re pb rc qa rd qb rg pf qg nc nf ld tt of oe ph nd me oh pg ne qi
kj_21240,20,pd tt nc re rd qd qe qc rc pe qf pc od rf rb qg pf ph of tt
kj_66431,11,pc qe nd pi qg pg ph oh qh pf qi
kj_77188,7,pd tt nc md mc kd id
kj_94393,12,pd qc pc qd pe rf tt lc ic tt qf qe
kj_05466,11,pc tt qf tt lc pe qe pd qd oc le
kj_20451,11,pd qc pc qd pe rf tt qg qe tt re
kj_24896,10,pc tt pe oc od nc pb nd ld of
kj_57240,7,pd tt nc qf tt mc nd
kj_21728,10,pc tt pe oc od nc pb nd le me
kj_87564,7,pd nc pf oe pe tt oc
kj_75482,6,pc qe qd pe nc tt
kj_17960,13,pd qc pc qd pe qf qb pf qj tt qe re rd
kj_80823,22,pc tt pe pf qf qg pg of og qe rf nf re qd pd rg rd oi ng mg nh lf
kj_52483,33,pd qc pc qd qf rf rg qe pf pe oe od ob nd ne me of qb md nc mc nb mb na le mf lf mg kh tt mi jc kd
kj_94800,8,pd tt mc qd qc qe rc qh
kj_69413,8,pc pd qd oc qc tt pe tt
kj_73460,6,pd nc lc tt qc me
kj_00870,10,pc qe tt od oc nd mb tt ph rh
kj_34729,9,pc qe qd pe nc pi pk tt pm
kj_31961,8,pc tt pf tt lc qd pd ld
kj_19686,6,pd nc qf tt kd ne
kj_95628,15,pd qc pc qd qf qe pe rf tt qg pf qb tt mc tt
kj_67001,13,pd qc pc qd pe rf qb rb re pb qe ob nc
kj_67280,8,pc qe od pi pf qf pg qg
kj_69505,7,pc qe nd tt qh pi ph
kj_01729,10,pc tt qe pf qf oc pd kc jd kd
kj_52117,7,pd nc oc nd pf kd he
kj_13715,6,pc qe nd le pf qf
kj_94821,12,pd qc pc qd pe rf qg qf pf pg qh qb
kj_50350,12,pd tt nc qf tt qc qd rd re rc qe ob
kj_73130,11,pc qe tt od oc nd mc tt pi tt qg
kj_83273,7,pc qe tt mc nd md ne
kj_64618,11,pc tt qe pf pe nf tt qf of og oe
kj_28284,10,pd nc pf oe pe pb tt me tt qh
kj_92402,10,pc qe nd lc tt pd oc qc qb rc
kj_67210,7,pc qe od tt qh tt og
kj_27761,8,pd tt nc qf qe pf ph nf
kj_96149,8,pd nc jc pf of og nf qc
kj_96257,6,pc qe nd tt qd tt
kj_94352,24,pd qc pc qd qf rf rg qe pf pe oe od ob nd ne me of qb md pb mc oc kd lg
kj_94138,10,pd nc oc nd pf jd tt qh qj oh
kj_02163,6,pc tt pe tt qh qj
kj_98723,14,pd qc pc qd pe qe pf qf qg tt rg pb ob qb
kj_69791,10,pd tt nc tt qi qf oi qd qc rc
kj_99213,9,pc qe qd pe nc pi qk tt ok
kj_06482,9,pc qe pg oe nd tt ng tt qh
kj_78521,11,pd qc pc qd pe rf tt kd qf rg ph
kj_11576,7,pc qe od qh tt ql qm
kj_99468,7,pc tt pf tt lc qh tt
kj_57691,9,pc qe qd pe nc pi tt od oc
kj_56876,8,pd qc pc qd pe qe qf rf
kj_99565,8,pc qe pg tt pe qd pd qf
kj_75075,6,pd nc oc nd pf oh
kj_67097,11,pd qc pc qd pe rf qb rb re pb qe
kj_67157,10,pc qe qg od pd pe oe of ne pg
kj_50611,9,pc qe nd tt qh tt qd rd rc
kj_57541,6,pc pe tt oc tt od
kj_79794,17,pc tt pe pf qf qg pg of qh rg qe ph og qi oh rh nf
kj_86023,10,pd qc pc qd pe rf tt qg ld nh
kj_60298,17,pd qc pc qd qf qe pe rf qb rb re rd rg se qg of ld
kj_53386,12,pc qe qd pe nc pi qk tt oj pj pk ok
kj_69795,6,pd tt nc tt qi qf
kj_19294,6,pd tt nc jc ic jd
kj_50060,16,pc tt pe pf qf qg pg of og qe rf nf re ng qh tt
kj_79257,13,pd qc pc qd qf rf qg rg qh qe pe of pf
kj_52429,9,pd tt nc qf qe pf tt qj tt
kj_57927,9,pd nc qf tt oc nd nb mb ob
kj_45517,16,pc qe tt od oc nd mc md lc ld tt kc kb nc nb qc
kj_86578,14,pc qe od tt pf qc qb rb qd rc pe pb ob qa
kj_96134,7,pc tt qf kc mc ke tt
kj_93433,18,pd qc pc qd qf qe pe rf tt qg pf qb tt mc ld md me ne
kj_59050,14,pd qc pc qd qe re rf qf pe rg rd sf rc pf
kj_54570,7,pd nc qf tt oc nd tt
kj_98361,15,pd nc tt qf pf pg of qe qd kc oc nd pe tt jd
kj_95413,9,pc pe qe qf qd pf nc pj tt
kj_18258,7,pc tt pf tt pj oj pi
kj_72182,6,pc qe od tt qi qk
kj_55631,17,pd qc pc qd qe re rf qf pe rg rd sf rc pf tt oe qb
kj_97744,10,pc pe qe qf qd pf nc pj tt pm
kj_88780,7,pd nc oc nd qf jd tt
kj_09568,7,pd tt nc tt kc ie tt
kj_51098,7,pd tt nc qf qi qk oi
kj_21355,6,pc tt pe kd mc md
kj_53756,13,pd qc pc qd qf qe pe rf qg rg qh rh qi
kj_86015,6,pd tt mc lc md ld
kj_58819,6,pc qe nd tt ph tt
kj_49988,22,pd qc pc qd qf qe pe rf qb rb re pb rc qa rd qb rg pf qg nc tt of
kj_55563,6,pc tt pe qi qg rg
kj_93407,14,pd qc pc qd qf qe pe rf tt ld qg rg qh tt
kj_73213,9,pc pe qe qf qd pf nd tt qj
kj_17972,7,pc qe tt lc qd pe nc
kj_15520,9,pd tt nc tt qg md mc kd tt
kj_66491,7,pd tt nc tt qi qf qe
kj_85311,6,pd tt nc md jc tt
kj_75820,6,pc tt pf tt pi nc
kj_07619,11,pc qe od qh qj tt oj rc pg qg pf
kj_66562,9,pd nc qf tt lc pc qc qb rb
kj_08485,6,pd nc qf kd tt pg
kj_79411,7,pc qe pg od oc nd mb
kj_79130,7,pd nc qf tt lc jc le
kj_20972,7,pd tt nc tt jc he tt
kj_74892,6,pd tt nd ob nb qf
kj_94138,10,pd nc oc nd pf jd tt qh qj oh
kj_18263,10,pc tt qe pf tt qf pe ng tt oe
kj_81132,9,pd qc pc qd pe rf tt kd kf
kj_35695,6,pd tt nc ph qh pg
kj_59193,14,pd qc pc qd qf qe pe rf tt ld qg rg qh id
kj_21082,9,pc tt pe oc od nc pb nd qh
kj_56026,7,pc qe tt od qd re nb
kj_67137,14,pc qe qg od pd pe oe of ne pg ph oh pi oi
kj_69295,7,pd nc kd kc ld lc md
kj_71544,23,pd qc pc qd qf qe pe rf tt pf qg rg qh of qb rb rc pb re qa rd qb rh
kj_44555,21,pd qc pc qd pe rf qb rb re qe qf rd rg pf qg of ld kd le ke lf
kj_93759,7,pc tt pe tt lc qd qe
kj_59050,14,pd qc pc qd qe re rf qf pe rg rd sf rc pf
kj_84485,9,pc tt pf qh ph pi oh qg qf
kj_53083,8,pc qe qh od oc nd mb oh
kj_27457,9,pd tt nc md mf nd od mc nb
kj_31659,8,pc qe qd pe nc qi qk tt
kj_73064,7,pc tt pf kd tt nc tt
kj_33111,12,pc pd qd oc od pe nc ob qc nb oe qe
kj_59915,11,pd qc pc qd pe qf tt rg tt og ld
kj_28268,9,pc qe tt od oc nd mc le qi
kj_17203,8,pc qe qd pe nc tt ph mf
kj_52275,8,pd pc qc oc qd od tt lc
kj_28811,8,pc qe ph od oc nd mb tt
kj_16285,6,pd nc tt jc lc je
kj_79199,9,pd nc qf tt oc nd kc ic ke
kj_67862,8,pd qc pc qd qf qe pe rf
kj_11790,7,pc qe nd tt qi ok oi
kj_21153,15,pd qc pc qd qf qe pe rf tt pf qg rg qh of ld
kj_89085,10,pc tt qi pe nc od oc qd qc rc
kj_14396,9,pd pc tt od qc qd pe rc qb
kj_81155,6,pd qc pc qd pe rf
kj_31573,14,pd qc pc qd qf qe pe rf qg rg qh qb pb of
kj_45667,9,pd tt nc qf qi qk oi rd qc
kj_39286,8,pc qe nd tt qh lc pf id
kj_17485,7,pc tt qf tt kc ld kd
kj_90367,11,pc qe qg od pd pe oe of ne pg md
kj_98113,11,pc pe qe qf qd pf nc tt ph mf tt
kj_28717,21,pc tt qf pd od qc qd pe qe oc pb nd oe pf nc qg rc of ne nf me
kj_07602,6,pc qe nd qh tt qk
kj_10646,23,pd qc pc qd qf qe pe rf qb rb re pb rc qa rd qb rg pf qg nc nf kd ic
kj_76214,9,pd nc pf pc qc qb rd ob od
kj_68431,6,pc tt pe qg tt pj
kj_67481,11,pd qc pc qd qf qe pe rf qg rg qh
kj_52233,10,pd pc qc oc qd lc nd nc tt md
kj_52043,6,pc tt pf tt lc qh
kj_45246,9,pc tt pf tt ld qd pd lc kd
kj_55543,9,pc pe qe qf qd pf nc pj pl
kj_00834,9,pc qe od ph qj lc qd pe oe
kj_93512,7,pd tt nc md mc qf qe
kj_56283,16,pd nc qf pc qc qb oc pb ob od nb qd pe rd mc tt
kj_73599,9,pc qe tt od oc nd mc le pg
kj_98328,9,pc qe tt od qd re oc nd mc
kj_38893,9,pd nc oc nd pf re ob qg pg
kj_81179,13,pd nc qg qc pc qd pe pb ob qb oc rf oh
kj_18370,10,pc qe tt od oc nd mc nc nb qc
kj_82622,8,pc qe od tt pf tt qg qi
kj_50464,8,pd nc qf pc qc qb qd ob
kj_37648,15,pc pe tt oc qd pb od pd qc nb nc ob qe nd qg
kj_25194,8,pc pe qe qf qd pf nd mf
kj_87336,7,pd nc oc nd pf jd ge
kj_99263,6,pc tt pe qg qi og
kj_91595,23,pd qc pc qd qf qe pe rf tt qg pf qb tt pg og oh ng nh mh mg ne tt lh
kj_71952,7,pd qc pc qd pe rf tt
kj_71029,6,pd nc qf tt jc hc
kj_79098,6,pc tt pe tt qh lc
kj_16034,13,pd qc pc qd pe rf tt ld lf qg pg ph qf
kj_79580,10,pc qe od tt qh pf oh nf ld rc
kj_61722,7,pc tt pe tt qh tt oi
kj_11338,7,pd tt nc md nd mf oh
kj_59193,14,pd qc pc qd qf qe pe rf tt ld qg rg qh id
kj_21082,9,pc tt pe oc od nc pb nd qh
kj_56026,7,pc qe tt od qd re nb
kj_69460,16,pc tt pf qh tt pd qd qe pe od qc qf pg qg nd oe
kj_69157,11,pc qe tt od oc nd mc tt qg pi qi
kj_73249,7,pc qe od tt pf tt qf
kj_48504,8,pd nc oc nd pf tt kc hc
kj_55807,8,pd qc pc qd pe rf qf qe
kj_38484,7,pc tt pf tt qh pi qi
kj_90026,7,pc qe nd pi tt lc pf
kj_58250,13,pd qc pc qd qf qe pe rf tt qg pf qb lc
kj_90367,11,pc qe qg od pd pe oe of ne pg md
kj_20928,14,pc qe od qh pf qf pg ph oh oi nh ni mh mi
kj_54596,10,pd qc pc qd qf rf pe rg tt ph
kj_88936,8,pd tt nc qf tt of rd tt
kj_70683,19,pc tt qf pd qd oc pe od pb oe of nf og ng oh qc ob md rc
kj_03729,15,pc qe tt nd od oe nc md mc ld pe pf pd pg kb
kj_87538,10,pd nc nd md ne pc qc oc qd ld
kj_12230,11,pc qe nd tt qi tt qd rd rc nh oi
kj_40157,10,pd tt nc md mf mc nd nb ob mb
kj_69307,9,pd tt nc qf qi qd qc rc qb
kj_86844,7,pc tt pf tt lc je tt
kj_92279,9,pc qe nd tt qi tt qd rd rc
kj_44296,7,pd tt nc md lb qf qh
kj_82788,6,pc tt pf tt mc ld
kj_26963,8,pd nc qf tt lc pb qc od
kj_25536,7,pc qe od qh pf qf ph
kj_99430,7,pc tt pe qi tt qg tt
kj_73061,10,pd qc pc qd qf qe pe rf kc tt
kj_10458,7,pd tt nc qf qi qk qd
kj_34191,7,pd nc qf tt oc nd og
kj_32442,15,pd nc nd md ne qc oc rf qd rd qf qe pe re qg
kj_09560,15,pc tt qf tt kd pd qd oc pe od pb oe of nf og
kj_67481,11,pd qc pc qd qf qe pe rf qg rg qh
kj_42731,6,pd tt nc lc tt me
kj_61235,18,pd qc pc qd qf qe pe rf tt qg pf qb tt pg ld ng tt jc
kj_18525,13,pc tt pf mc tt pd qd qc qb rc rd oc pb
kj_64965,19,pd qc pc qd qf qe pe rf qb rb rg pf qg pb of tt ob qa tt
kj_92107,13,pd tt nc qf tt qd qc rc qb pe rd qe rb
kj_67137,14,pc qe qg od pd pe oe of ne pg ph oh pi oi
kj_69295,7,pd nc kd kc ld lc md
kj_45246,9,pc tt pf tt ld qd pd lc kd
kj_55543,9,pc pe qe qf qd pf nc pj pl
kj_00834,9,pc qe od ph qj lc qd pe oe
kj_50714,6,pd tt nc md mc qf
kj_00807,23,pd qc pc qd qf qe pe rf tt qg pf qb tt pg og oh ng nh mh mg ne oj lh
kj_71952,7,pd qc pc qd pe rf tt
kj_71029,6,pd nc qf tt jc hc
kj_79098,6,pc tt pe tt qh lc
kj_21153,15,pd qc pc qd qf qe pe rf tt pf qg rg qh of ld
kj_89085,10,pc tt qi pe nc od oc qd qc rc
kj_14396,9,pd pc tt od qc qd pe rc qb
kj_81155,6,pd qc pc qd pe rf
kj_54584,19,pd nc qf pc qc qb oc pb od ob nd mc md ld lc lb kc kd kb
kj_15360,15,pc tt pf qh lc pd qd qe pe od qc qf pg ph nf
kj_74493,6,pd tt nc tt qf md
kj_32442,15,pd nc nd md ne qc oc rf qd rd qf qe pe re qg
kj_09560,15,pc tt qf tt kd pd qd oc pe od pb oe of nf og
kj_67481,11,pd qc pc qd qf qe pe rf qg rg qh
kj_42731,6,pd tt nc lc tt me
kj_86332,15,pd qc pc qd qe re rf qf pe rg rd sf rc tt qi
kj_65065,15,pd nc tt qf pf pg of qc pc qd qg pe oe qe ph
kj_71269,11,pd nc tt qf pf pg of qe qd kc qj
kj_81589,6,pc tt pe tt qg tt
kj_70544,24,pd qc pc qd qf qe pe rf qb rb re pb rc qa rd qb rg pf qg nc nf tt ld me
kj_86578,14,pc qe od tt pf qc qb rb qd rc pe pb ob qa
kj_51721,12,pc qe tt od oc nd mc tt md tt mf ng
kj_52479,6,pc tt qf qh tt pd
kj_18489,11,pd nc qf ne tt pg pf og pb qg tt
kj_35403,9,pd nc qf ne tt pg pf og tt
kj_44137,7,pc tt pf tt kd tt pi
kj_64965,19,pd qc pc qd qf qe pe rf qb rb rg pf qg pb of tt ob qa tt
kj_92107,13,pd tt nc qf tt qd qc rc qb pe rd qe rb
kj_68244,16,pd qc pc qd qf qe pe rf qb rb re pf qg rd rg of
kj_05995,10,pc tt pf lc tt pd qc nd qd tt
kj_51639,6,pd nc oc nd pf qh
kj_94046,8,pd nc qf pb tt pg qg pi
kj_40965,7,pc qe qd pe nd tt pi
kj_31084,16,pd qc pc qd qf rf qb qg pf rb pg pb ob qa tt qh
kj_33599,9,pd tt nc qf qh of qe rf oh
kj_36569,6,pc pd oc qd qc ne
kj_36404,11,pc qe ph tt qd od pd pe oe rd rc
kj_31401,6,pc tt pf kd tt ke
kj_48938,11,pc qe tt od oc nd mc tt qg pi tt
kj_53509,6,pc qe od tt pf qg
kj_43436,9,pc qe od tt qh tt oh rc rg
kj_73481,9,pd tt nc tt qi md nd mf tt
kj_89888,9,pd qc pc qd pe qf og rg tt
kj_80647,8,pd tt nc re rd qe qd qi
kj_85516,13,pc qe pg tt pe qf pf qd qg qc ob qb tt
kj_93854,7,pd tt nc md nd tt me
kj_60055,6,pd nc qf ne pb tt
kj_96537,13,pd nc tt qf pf pg of qd qc qe pc lc le
kj_39132,13,pc tt pf pd qd qc qe pb oc ob nc rc tt
kj_90533,10,pc qe tt od oc nd mb tt qh tt
kj_74173,8,pc qe od tt qh oe ne of
kj_56967,20,pc qe tt nd od oe nc md mc ld pe pf pd of qf qg rf rg re lc
kj_66487,12,pd tt nc qf tt qd qc rc rb rd pc qi
kj_25746,7,pd nc qf tt pb ne tt
kj_16484,16,pc tt pe qg tt oc od nc qd nd ne me nf mf ng mg
kj_70589,11,pd qc pc qd pe rf tt kd qg qf pf
kj_71652,9,pd qc pc qd pe rf tt ld ic
kj_70040,13,pd qc pc qd pe qe pf qf qg pg qh qb og
kj_27764,9,pc pe qe qf qd pf nc pi oi
kj_81310,6,pc tt pf tt lc le
kj_43436,9,pc qe od tt qh tt oh rc rg
kj_73481,9,pd tt nc tt qi md nd mf tt
kj_89888,9,pd qc pc qd pe qf og rg tt
kj_80647,8,pd tt nc re rd qe qd qi
kj_64923,23,pc qe pg od pd pe oe oc ob nb pb of ne md me ld le kd ke jd qg rc rb
kj_38748,9,pc tt qe oc od nd nc ob nb
kj_83164,6,pc qe od qh qj tt
kj_80307,27,pd qc pc qd qf rf rg qe pf pe oe od ob nd ne me mf mc le md qb re kc lf nf qg ke
kj_32393,9,pc pd oc qd tt qc tt lc od
kj_62537,17,pd qc pc qd qe re rf qf pe rg rd sf rc pf tt qb rb
kj_91772,16,pd qc pc qd pe rf tt ld qb rb re pb qe qi ob qa
kj_81476,15,pc tt qf pd qd oc pe od pb qc ob mc rc jd tt
kj_75557,10,pd qc pc qd pe rf ld pb ob qb
kj_60955,47,pd qc pc qd qf rf rg qe pf pe oe od ob nd ne me mf mc le md qb re qh rb ra rc mb lb nb kc sd sb sf se sg ma na la qa pb oc pa oa pa pb lf mg
kj_87757,10,pd nc nd md ne pc qc oc qd qg
kj_53756,13,pd qc pc qd qf qe pe rf qg rg qh rh qi
kj_71016,11,pd qc pc qd qf rf pe rg tt kd tt
kj_05217,8,pc qe qd pe nc tt me tt
kj_56606,6,pc qe qd pe nd lc
kj_62028,14,pd qc pc qd qe re rf qf pe rg rd sf rc lc
kj_95319,12,pd qc pc qd qf rf pe rg tt qb tt mc
kj_06446,6,pd tt mc qi qf ld
kj_41646,6,pc tt pe tt ke tt
